{"vector_size": 10, "epochs": 10, "balanced_accuracy": 0.6589671131058767}
{"vector_size": 10, "epochs": 30, "balanced_accuracy": 0.6939978393024056}
{"vector_size": 10, "epochs": 40, "balanced_accuracy": 0.7013277568553463}
{"vector_size": 10, "epochs": 60, "balanced_accuracy": 0.7144850443328505}
{"vector_size": 30, "epochs": 10, "balanced_accuracy": 0.6308910466140161}
{"vector_size": 30, "epochs": 30, "balanced_accuracy": 0.6749114695140541}
{"vector_size": 30, "epochs": 40, "balanced_accuracy": 0.6947604433405513}
{"vector_size": 30, "epochs": 60, "balanced_accuracy": 0.7065431908344948}
{"vector_size": 50, "epochs": 10, "balanced_accuracy": 0.6176551433754164}
{"vector_size": 50, "epochs": 30, "balanced_accuracy": 0.6760580134052647}
{"vector_size": 50, "epochs": 40, "balanced_accuracy": 0.6890457525451671}
{"vector_size": 50, "epochs": 60, "balanced_accuracy": 0.693407566828278}
{"vector_size": 100, "epochs": 10, "balanced_accuracy": 0.621709992709193}
{"vector_size": 100, "epochs": 30, "balanced_accuracy": 0.6767470696468347}
{"vector_size": 100, "epochs": 40, "balanced_accuracy": 0.6854916554925665}
{"vector_size": 100, "epochs": 60, "balanced_accuracy": 0.6958062095110656}
{"vector_size": 150, "epochs": 10, "balanced_accuracy": 0.6144284700633467}
{"vector_size": 150, "epochs": 30, "balanced_accuracy": 0.6668468840388653}
{"vector_size": 150, "epochs": 40, "balanced_accuracy": 0.6807916584294935}
{"vector_size": 150, "epochs": 60, "balanced_accuracy": 0.6927473813681935}
